index,market balance,vault balance,bet count,in play count, total in play, total exposure
90095300,0,500000000,0,0,0,0
90095800,29341335,476658665,2,2,6000000,23341335
90096300,29341335,476658665,2,2,6000000,23341335
90096800,29341335,476658665,2,2,6000000,23341335
90097300,29341335,476658665,2,2,6000000,23341335
90097800,29341335,476658665,2,2,6000000,23341335
90098300,29341335,476658665,2,2,6000000,23341335
90098800,29341335,476658665,2,2,6000000,23341335
90099300,29341335,476658665,2,2,6000000,23341335
90099800,29341335,476658665,2,2,6000000,23341335
90100300,29341335,476658665,2,2,6000000,23341335
90100800,29341335,476658665,2,2,6000000,23341335
90101300,29341335,476658665,2,2,6000000,23341335
90101800,29341335,476658665,2,2,6000000,23341335
90102300,29341335,476658665,2,2,6000000,23341335
90102800,29341335,476658665,2,2,6000000,23341335
90103300,29341335,476658665,2,2,6000000,23341335
90103800,29341335,476658665,2,2,6000000,23341335
90104300,29341335,476658665,2,2,6000000,23341335
90104800,29341335,476658665,2,2,6000000,23341335
90105300,29341335,476658665,2,2,6000000,23341335
90105800,29341335,476658665,2,2,6000000,23341335
90106300,29341335,476658665,2,2,6000000,23341335
90106800,29341335,476658665,2,2,6000000,23341335
90107300,29341335,476658665,2,2,6000000,23341335
90107800,29341335,476658665,2,2,6000000,23341335
90108300,29341335,476658665,2,2,6000000,23341335
90108800,29341335,476658665,2,2,6000000,23341335
90109300,29341335,476658665,2,2,6000000,23341335
90109800,29341335,476658665,2,2,6000000,23341335
90110300,29341335,476658665,2,2,6000000,23341335
90110800,29341335,476658665,2,2,6000000,23341335
90111300,29341335,476658665,2,2,6000000,23341335
90111800,29341335,476658665,2,2,6000000,23341335
90112300,29341335,476658665,2,2,6000000,23341335
90112800,29341335,476658665,2,2,6000000,23341335
90113300,29341335,476658665,2,2,6000000,23341335
90113800,29341335,476658665,2,2,6000000,23341335
90114300,29341335,476658665,2,2,6000000,23341335
90114800,29341335,476658665,2,2,6000000,23341335
90115300,29341335,476658665,2,2,6000000,23341335
90115800,29341335,476658665,2,2,6000000,23341335
90116300,29341335,476658665,2,2,6000000,23341335
90116800,29341335,476658665,2,2,6000000,23341335
90117300,29341335,476658665,2,2,6000000,23341335
90117800,29341335,476658665,2,2,6000000,23341335
90118300,29341335,476658665,2,2,6000000,23341335
90118800,29341335,476658665,2,2,6000000,23341335
90119300,29341335,476658665,2,2,6000000,23341335
90119800,29341335,476658665,2,2,6000000,23341335
90120300,29341335,476658665,2,2,6000000,23341335
90120800,29341335,476658665,2,2,6000000,23341335
90121300,29341335,476658665,2,2,6000000,23341335
90121800,29341335,476658665,2,2,6000000,23341335
90122300,29341335,476658665,2,2,6000000,23341335
90122800,29341335,476658665,2,2,6000000,23341335
90123300,29341335,476658665,2,2,6000000,23341335
90123800,38687471,469312529,3,3,8000000,30687471
90124300,38687471,469312529,3,3,8000000,30687471
90124800,103344669,420655331,6,6,24000000,79344669
90125300,103344669,420655331,6,6,24000000,79344669
90125800,103344669,420655331,6,6,24000000,79344669
90126300,127385637,399614363,7,7,27000000,100385637
90126800,127385637,399614363,7,7,27000000,100385637
90127300,127385637,399614363,7,7,27000000,100385637
90127800,127385637,399614363,7,7,27000000,100385637
90128300,127385637,399614363,7,7,27000000,100385637
90128800,127385637,399614363,7,7,27000000,100385637
90129300,127385637,399614363,7,7,27000000,100385637
90129800,127385637,399614363,7,7,27000000,100385637
90130300,127385637,399614363,7,7,27000000,100385637
90130800,127385637,399614363,7,7,27000000,100385637
90131300,127385637,399614363,7,7,27000000,100385637
90131800,127385637,399614363,7,7,27000000,100385637
90132300,127385637,399614363,7,7,27000000,100385637
90132800,127385637,399614363,7,7,27000000,100385637
90133300,127385637,399614363,7,7,27000000,100385637
90133800,127385637,399614363,7,7,27000000,100385637
90134300,127385637,399614363,7,7,27000000,100385637
90134800,127385637,399614363,7,7,27000000,100385637
90135300,127385637,399614363,7,7,27000000,100385637
90135800,127385637,399614363,7,7,27000000,100385637
90136300,127385637,399614363,7,7,27000000,100385637
90136800,127385637,399614363,7,7,27000000,100385637
90137300,157760391,372239609,8,8,30000000,127760391
90137800,179046159,356953841,10,10,36000000,143046159
90138300,179046159,356953841,10,10,36000000,143046159
90138800,179046159,356953841,10,10,36000000,143046159
90139300,179046159,356953841,10,10,36000000,143046159
90139800,179046159,356953841,10,10,36000000,143046159
90140300,179046159,356953841,10,10,36000000,143046159
90140800,179046159,356953841,10,10,36000000,143046159
90141300,179046159,356953841,10,10,36000000,143046159
90141800,179046159,356953841,10,10,36000000,143046159
90142300,179046159,356953841,10,10,36000000,143046159
90142800,179046159,356953841,10,10,36000000,143046159
90143300,179046159,356953841,10,10,36000000,143046159
90143800,179046159,356953841,10,10,36000000,143046159
90144300,179046159,356953841,10,10,36000000,143046159
90144800,179046159,356953841,10,10,36000000,143046159
90145300,179046159,356953841,10,10,36000000,143046159
90145800,179046159,356953841,10,10,36000000,143046159
90146300,179046159,356953841,10,10,36000000,143046159
90146800,179046159,356953841,10,10,36000000,143046159
90147300,179046159,356953841,10,10,36000000,143046159
90147800,179046159,356953841,10,10,36000000,143046159
90148300,179046159,356953841,10,10,36000000,143046159
90148800,179046159,356953841,10,10,36000000,143046159
90149300,179046159,356953841,10,10,36000000,143046159
90149800,179046159,356953841,10,10,36000000,143046159
90150300,179046159,356953841,10,10,36000000,143046159
90150800,179046159,356953841,10,10,36000000,143046159
90151300,179046159,356953841,10,10,36000000,143046159
90151800,179046159,356953841,10,10,36000000,143046159
90152300,179046159,356953841,10,10,36000000,143046159
90152800,216621232,326378768,12,12,43000000,173621232
90153300,252149772,293850228,14,14,46000000,206149772
90153800,252149772,293850228,14,14,46000000,206149772
90154300,252149772,293850228,14,14,46000000,206149772
90154800,252149772,293850228,14,14,46000000,206149772
90155300,252149772,293850228,14,14,46000000,206149772
90155800,252149772,293850228,14,14,46000000,206149772
90156300,252149772,293850228,14,14,46000000,206149772
90156800,252149772,293850228,14,14,46000000,206149772
90157300,252149772,293850228,14,14,46000000,206149772
90157800,252149772,293850228,14,14,46000000,206149772
90158300,252149772,293850228,14,14,46000000,206149772
90158800,252149772,293850228,14,14,46000000,206149772
90159300,252149772,293850228,14,14,46000000,206149772
90159800,252149772,293850228,14,14,46000000,206149772
90160300,252149772,293850228,14,14,46000000,206149772
90160800,252149772,293850228,14,14,46000000,206149772
90161300,252149772,293850228,14,14,46000000,206149772
90161800,252149772,293850228,14,14,46000000,206149772
90162300,252149772,293850228,14,14,46000000,206149772
90162800,252149772,293850228,14,14,46000000,206149772
90163300,252149772,293850228,14,14,46000000,206149772
90163800,252149772,293850228,14,14,46000000,206149772
90164300,252149772,293850228,14,14,46000000,206149772
90164800,252149772,293850228,14,14,46000000,206149772
90165300,252149772,293850228,14,14,46000000,206149772
90165800,252149772,293850228,14,14,46000000,206149772
90166300,252149772,293850228,14,14,46000000,206149772
90166800,252149772,293850228,14,14,46000000,206149772
90167300,252149772,293850228,14,14,46000000,206149772
90167800,252149772,293850228,14,14,46000000,206149772
90168300,252149772,293850228,14,14,46000000,206149772
90168800,252149772,293850228,14,14,46000000,206149772
90169300,252149772,293850228,14,14,46000000,206149772
90169800,252149772,293850228,14,14,46000000,206149772
90170300,252149772,293850228,14,14,46000000,206149772
90170800,252149772,293850228,14,14,46000000,206149772
90171300,252149772,293850228,14,14,46000000,206149772
90171800,252149772,293850228,14,14,46000000,206149772
90172300,252149772,293850228,14,14,46000000,206149772
90172800,252149772,293850228,14,14,46000000,206149772
90173300,252149772,293850228,14,14,46000000,206149772
90173800,252149772,293850228,14,14,46000000,206149772
90174300,252149772,293850228,14,14,46000000,206149772
90174800,252149772,293850228,14,14,46000000,206149772
90175300,252149772,293850228,14,14,46000000,206149772
90175800,252149772,293850228,14,14,46000000,206149772
90176300,252149772,293850228,14,14,46000000,206149772
90176800,252149772,293850228,14,14,46000000,206149772
90177300,252149772,293850228,14,14,46000000,206149772
90177800,252149772,293850228,14,14,46000000,206149772
90178300,252149772,293850228,14,14,46000000,206149772
90178800,252149772,293850228,14,14,46000000,206149772
90179300,252149772,293850228,14,14,46000000,206149772
90179800,252149772,293850228,14,14,46000000,206149772
90180300,252149772,293850228,14,14,46000000,206149772
90180800,252149772,293850228,14,14,46000000,206149772
90181300,252149772,293850228,14,14,46000000,206149772
90181800,252149772,293850228,14,14,46000000,206149772
90182300,252149772,293850228,14,14,46000000,206149772
90182800,252149772,293850228,14,14,46000000,206149772
90183300,252149772,293850228,14,14,46000000,206149772
90183800,252149772,293850228,14,14,46000000,206149772
90184300,252149772,293850228,14,14,46000000,206149772
90184800,252149772,293850228,14,14,46000000,206149772
90185300,252149772,293850228,14,14,46000000,206149772
90185800,252149772,293850228,14,14,46000000,206149772
90186300,252149772,293850228,14,14,46000000,206149772
90186800,252149772,293850228,14,14,46000000,206149772
90187300,252149772,293850228,14,14,46000000,206149772
90187800,252149772,293850228,14,14,46000000,206149772
90188300,252149772,293850228,14,14,46000000,206149772
90188800,261693002,286306998,15,15,48000000,213693002
90189300,261693002,286306998,15,15,48000000,213693002
90189800,261693002,286306998,15,15,48000000,213693002
90190300,261693002,286306998,15,15,48000000,213693002
90190800,261693002,286306998,15,15,48000000,213693002
90191300,261693002,286306998,15,15,48000000,213693002
90191800,261693002,286306998,15,15,48000000,213693002
90192300,261693002,286306998,15,15,48000000,213693002
90192800,261693002,286306998,15,15,48000000,213693002
90193300,261693002,286306998,15,15,48000000,213693002
90193800,261693002,286306998,15,15,48000000,213693002
90194300,261693002,286306998,15,15,48000000,213693002
90194800,261693002,286306998,15,15,48000000,213693002
90195300,261693002,286306998,15,15,48000000,213693002
90195800,272592347,278407653,16,16,51000000,221592347
90196300,307796813,246203187,17,17,54000000,253796813
90196800,307796813,246203187,17,17,54000000,253796813
90197300,307796813,246203187,17,17,54000000,253796813
90197800,307796813,246203187,17,17,54000000,253796813
90198300,307796813,246203187,17,17,54000000,253796813
90198800,307796813,246203187,17,17,54000000,253796813
90199300,307796813,246203187,17,17,54000000,253796813
90199800,307796813,246203187,17,17,54000000,253796813
90200300,307796813,246203187,17,17,54000000,253796813
90200800,307796813,246203187,17,17,54000000,253796813
90201300,307796813,246203187,17,17,54000000,253796813
90201800,307796813,246203187,17,17,54000000,253796813
90202300,307796813,246203187,17,17,54000000,253796813
90202800,307796813,246203187,17,17,54000000,253796813
90203300,307796813,246203187,17,17,54000000,253796813
90203800,307796813,246203187,17,17,54000000,253796813
90204300,307796813,246203187,17,17,54000000,253796813
90204800,307796813,246203187,17,17,54000000,253796813
90205300,322545869,235454131,18,18,58000000,264545869
90205800,322545869,235454131,18,18,58000000,264545869
90206300,322545869,235454131,18,18,58000000,264545869
90206800,322545869,235454131,18,18,58000000,264545869
90207300,322545869,235454131,18,18,58000000,264545869
90207800,322545869,235454131,18,18,58000000,264545869
90208300,322545869,235454131,18,18,58000000,264545869
90208800,322545869,235454131,18,18,58000000,264545869
90209300,322545869,235454131,18,18,58000000,264545869
90209800,322545869,235454131,18,18,58000000,264545869
90210300,322545869,235454131,18,18,58000000,264545869
90210800,322545869,235454131,18,18,58000000,264545869
90211300,322545869,235454131,18,18,58000000,264545869
90211800,322545869,235454131,18,18,58000000,264545869
90212300,322545869,235454131,18,18,58000000,264545869
90212800,322545869,235454131,18,18,58000000,264545869
90213300,322545869,235454131,18,18,58000000,264545869
90213800,322545869,235454131,18,18,58000000,264545869
90214300,322545869,235454131,18,18,58000000,264545869
90214800,322545869,235454131,18,18,58000000,264545869
90215300,322545869,235454131,18,18,58000000,264545869
90215800,338342221,223657779,19,19,62000000,276342221
90216300,338342221,223657779,19,19,62000000,276342221
90216800,338342221,223657779,19,19,62000000,276342221
90217300,338342221,223657779,19,19,62000000,276342221
90217800,338342221,223657779,19,19,62000000,276342221
90218300,338342221,223657779,19,19,62000000,276342221
90218800,338342221,223657779,19,19,62000000,276342221
90219300,338342221,223657779,19,19,62000000,276342221
90219800,338342221,223657779,19,19,62000000,276342221
90220300,338342221,223657779,19,19,62000000,276342221
90220800,338342221,223657779,19,19,62000000,276342221
90221300,338342221,223657779,19,19,62000000,276342221
90221800,338342221,223657779,19,19,62000000,276342221
90222300,338342221,223657779,19,19,62000000,276342221
90222800,338342221,223657779,19,19,62000000,276342221
90223300,338342221,223657779,19,19,62000000,276342221
90223800,338342221,223657779,19,19,62000000,276342221
90224300,338342221,223657779,19,19,62000000,276342221
90224800,338342221,223657779,19,19,62000000,276342221
90225300,338342221,223657779,19,19,62000000,276342221
90225800,338342221,223657779,19,19,62000000,276342221
90226300,338342221,223657779,19,19,62000000,276342221
90226800,338342221,223657779,19,19,62000000,276342221
90227300,338342221,223657779,19,19,62000000,276342221
90227800,338342221,223657779,19,19,62000000,276342221
90228300,338342221,223657779,19,19,62000000,276342221
90228800,338342221,223657779,19,19,62000000,276342221
90229300,338342221,223657779,19,19,62000000,276342221
90229800,338342221,223657779,19,19,62000000,276342221
90230300,338342221,223657779,19,19,62000000,276342221
90230800,338342221,223657779,19,19,62000000,276342221
90231300,338342221,223657779,19,19,62000000,276342221
90231800,338342221,223657779,19,19,62000000,276342221
90232300,338342221,223657779,19,19,62000000,276342221
90232800,338342221,223657779,19,19,62000000,276342221
90233300,338342221,223657779,19,19,62000000,276342221
90233800,338342221,223657779,19,19,62000000,276342221
90234300,338342221,223657779,19,19,62000000,276342221
90234800,338342221,223657779,19,19,62000000,276342221
90235300,338342221,223657779,19,19,62000000,276342221
90235800,338342221,223657779,19,19,62000000,276342221
90236300,338342221,223657779,19,19,62000000,276342221
90236800,338342221,223657779,19,19,62000000,276342221
90237300,338342221,223657779,19,19,62000000,276342221
90237800,338342221,223657779,19,19,62000000,276342221
90238300,338342221,223657779,19,19,62000000,276342221
90238800,338342221,223657779,19,19,62000000,276342221
90239300,338342221,223657779,19,19,62000000,276342221
90239800,338342221,223657779,19,19,62000000,276342221
90240300,338342221,223657779,19,19,62000000,276342221
90240800,338342221,223657779,19,19,62000000,276342221
90241300,338342221,223657779,19,19,62000000,276342221
90241800,338342221,223657779,19,19,62000000,276342221
90242300,338342221,223657779,19,19,62000000,276342221
90242800,338342221,223657779,19,19,62000000,276342221
90243300,338342221,223657779,19,19,62000000,276342221
90243800,338342221,223657779,19,19,62000000,276342221
90244300,338342221,223657779,19,19,62000000,276342221
90244800,338342221,223657779,19,19,62000000,276342221
90245300,338342221,223657779,19,19,62000000,276342221
90245800,338342221,223657779,19,19,62000000,276342221
90246300,338342221,223657779,19,19,62000000,276342221
90246800,338342221,223657779,19,19,62000000,276342221
90247300,338342221,223657779,19,19,62000000,276342221
90247800,338342221,223657779,19,19,62000000,276342221
90248300,338342221,223657779,19,19,62000000,276342221
90248800,338342221,223657779,19,19,62000000,276342221
90249300,338342221,223657779,19,19,62000000,276342221
90249800,338342221,223657779,19,19,62000000,276342221
90250300,338342221,223657779,19,19,62000000,276342221
90250800,338342221,223657779,19,19,62000000,276342221
90251300,338342221,223657779,19,19,62000000,276342221
90251800,338342221,223657779,19,19,62000000,276342221
90252300,338342221,223657779,19,19,62000000,276342221
90252800,338342221,223657779,19,19,62000000,276342221
90253300,338342221,223657779,19,19,62000000,276342221
90253800,338342221,223657779,19,19,62000000,276342221
90254300,338342221,223657779,19,19,62000000,276342221
90254800,338342221,223657779,19,19,62000000,276342221
90255300,338342221,223657779,19,19,62000000,276342221
90255800,338342221,223657779,19,19,62000000,276342221
90256300,338342221,223657779,19,19,62000000,276342221
90256800,338342221,223657779,19,19,62000000,276342221
90257300,338342221,223657779,19,19,62000000,276342221
90257800,338342221,223657779,19,19,62000000,276342221
90258300,338342221,223657779,19,19,62000000,276342221
90258800,338342221,223657779,19,19,62000000,276342221
90259300,338342221,223657779,19,19,62000000,276342221
90259800,338342221,223657779,19,19,62000000,276342221
90260300,338342221,223657779,19,19,62000000,276342221
90260800,338342221,223657779,19,19,62000000,276342221
90261300,338342221,223657779,19,19,62000000,276342221
90261800,338342221,223657779,19,19,62000000,276342221
90262300,338342221,223657779,19,19,62000000,276342221
90262800,338342221,223657779,19,19,62000000,276342221
90263300,338342221,223657779,19,19,62000000,276342221
90263800,338342221,223657779,19,19,62000000,276342221
90264300,338342221,223657779,19,19,62000000,276342221
90264800,338342221,223657779,19,19,62000000,276342221
90265300,338342221,223657779,19,19,62000000,276342221
90265800,338342221,223657779,19,19,62000000,276342221
90266300,338342221,223657779,19,19,62000000,276342221
90266800,338342221,223657779,19,19,62000000,276342221
90267300,338342221,223657779,19,19,62000000,276342221
90267800,338342221,223657779,19,19,62000000,276342221
90268300,338342221,223657779,19,19,62000000,276342221
90268800,338342221,223657779,19,19,62000000,276342221
90269300,338342221,223657779,19,19,62000000,276342221
90269800,338342221,223657779,19,19,62000000,276342221
90270300,338342221,223657779,19,19,62000000,276342221
90270800,338342221,223657779,19,19,62000000,276342221
90271300,338342221,223657779,19,19,62000000,276342221
90271800,338342221,223657779,19,19,62000000,276342221
90272300,338342221,223657779,19,19,62000000,276342221
90272800,338342221,223657779,19,19,62000000,276342221
90273300,338342221,223657779,19,19,62000000,276342221
90273800,338342221,223657779,19,19,62000000,276342221
90274300,338342221,223657779,19,19,62000000,276342221
90274800,338342221,223657779,19,19,62000000,276342221
90275300,338342221,223657779,19,19,62000000,276342221
90275800,338342221,223657779,19,19,62000000,276342221
90276300,338342221,223657779,19,19,62000000,276342221
90276800,338342221,223657779,19,19,62000000,276342221
90277300,338342221,223657779,19,19,62000000,276342221
90277800,338342221,223657779,19,19,62000000,276342221
90278300,338342221,223657779,19,19,62000000,276342221
90278800,338342221,223657779,19,19,62000000,276342221
90279300,338342221,223657779,19,19,62000000,276342221
90279800,338342221,223657779,19,19,62000000,276342221
90280300,338342221,223657779,19,19,62000000,276342221
90280800,338342221,223657779,19,19,62000000,276342221
90281300,338342221,223657779,19,19,62000000,276342221
90281800,338342221,223657779,19,19,62000000,276342221
90282300,338342221,223657779,19,19,62000000,276342221
90282800,338342221,223657779,19,19,62000000,276342221
90283300,338342221,223657779,19,19,62000000,276342221
90283800,338342221,223657779,19,19,62000000,276342221
90284300,338342221,223657779,19,19,62000000,276342221
90284800,338342221,223657779,19,19,62000000,276342221
90285300,338342221,223657779,19,19,62000000,276342221
90285800,338342221,223657779,19,19,62000000,276342221
90286300,338342221,223657779,19,19,62000000,276342221
90286800,338342221,223657779,19,19,62000000,276342221
90287300,338342221,223657779,19,19,62000000,276342221
90287800,338342221,223657779,19,19,62000000,276342221
90288300,338342221,223657779,19,19,62000000,276342221
90288800,338342221,223657779,19,19,62000000,276342221
90289300,338342221,223657779,19,19,62000000,276342221
90289800,338342221,223657779,19,19,62000000,276342221
90290300,338342221,223657779,19,19,62000000,276342221
90290800,338342221,223657779,19,19,62000000,276342221
90291300,338342221,223657779,19,19,62000000,276342221
90291800,338342221,223657779,19,19,62000000,276342221
90292300,338342221,223657779,19,19,62000000,276342221
90292800,338342221,223657779,19,19,62000000,276342221
90293300,338342221,223657779,19,19,62000000,276342221
90293800,338342221,223657779,19,19,62000000,276342221
90294300,338342221,223657779,19,19,62000000,276342221
90294800,338342221,223657779,19,19,62000000,276342221
90295300,338342221,223657779,19,19,62000000,276342221
90295800,338342221,223657779,19,19,62000000,276342221
90296300,338342221,223657779,19,19,62000000,276342221
90296800,338342221,223657779,19,19,62000000,276342221
90297300,338342221,223657779,19,19,62000000,276342221
90297800,338342221,223657779,19,19,62000000,276342221
90298300,338342221,223657779,19,19,62000000,276342221
90298800,338342221,223657779,19,19,62000000,276342221
90299300,338342221,223657779,19,19,62000000,276342221
90299800,338342221,223657779,19,19,62000000,276342221
90300300,338342221,223657779,19,19,62000000,276342221
90300800,338342221,223657779,19,19,62000000,276342221
90301300,338342221,223657779,19,19,62000000,276342221
90301800,338342221,223657779,19,19,62000000,276342221
90302300,338342221,223657779,19,19,62000000,276342221
90302800,338342221,223657779,19,19,62000000,276342221
90303300,338342221,223657779,19,19,62000000,276342221
90303800,338342221,223657779,19,19,62000000,276342221
90304300,338342221,223657779,19,19,62000000,276342221
90304800,338342221,223657779,19,19,62000000,276342221
90305300,338342221,223657779,19,19,62000000,276342221
90305800,338342221,223657779,19,19,62000000,276342221
90306300,338342221,223657779,19,19,62000000,276342221
90306800,338342221,223657779,19,19,62000000,276342221
90307300,338342221,223657779,19,19,62000000,276342221
90307800,338342221,223657779,19,19,62000000,276342221
90308300,338342221,223657779,19,19,62000000,276342221
90308800,338342221,223657779,19,19,62000000,276342221
90309300,338342221,223657779,19,19,62000000,276342221
90309800,338342221,223657779,19,19,62000000,276342221
90310300,338342221,223657779,19,19,62000000,276342221
90310800,338342221,223657779,19,19,62000000,276342221
90311300,338342221,223657779,19,19,62000000,276342221
90311800,338342221,223657779,19,19,62000000,276342221
90312300,338342221,223657779,19,19,62000000,276342221
90312800,338342221,223657779,19,19,62000000,276342221
90313300,338342221,223657779,19,19,62000000,276342221
90313800,338342221,223657779,19,19,62000000,276342221
90314300,338342221,223657779,19,19,62000000,276342221
90314800,338342221,223657779,19,19,62000000,276342221
90315300,338342221,223657779,19,19,62000000,276342221
90315800,338342221,223657779,19,19,62000000,276342221
90316300,338342221,223657779,19,19,62000000,276342221
90316800,338342221,223657779,19,19,62000000,276342221
90317300,338342221,223657779,19,19,62000000,276342221
90317800,338342221,223657779,19,19,62000000,276342221
90318300,338342221,223657779,19,19,62000000,276342221
90318800,338342221,223657779,19,19,62000000,276342221
90319300,338342221,223657779,19,19,62000000,276342221
90319800,338342221,223657779,19,19,62000000,276342221
90320300,338342221,223657779,19,19,62000000,276342221
90320800,338342221,223657779,19,19,62000000,276342221
90321300,338342221,223657779,19,19,62000000,276342221
90321800,338342221,223657779,19,19,62000000,276342221
90322300,338342221,223657779,19,19,62000000,276342221
90322800,338342221,223657779,19,19,62000000,276342221
90323300,338342221,223657779,19,19,62000000,276342221
90323800,338342221,223657779,19,19,62000000,276342221
90324300,338342221,223657779,19,19,62000000,276342221
90324800,338342221,223657779,19,19,62000000,276342221
90325300,338342221,223657779,19,19,62000000,276342221
90325800,338342221,223657779,19,19,62000000,276342221
90326300,338342221,223657779,19,19,62000000,276342221
90326800,338342221,223657779,19,19,62000000,276342221
90327300,338342221,223657779,19,19,62000000,276342221
90327800,338342221,223657779,19,19,62000000,276342221
90328300,338342221,223657779,19,19,62000000,276342221
90328800,338342221,223657779,19,19,62000000,276342221
90329300,338342221,223657779,19,19,62000000,276342221
90329800,338342221,223657779,19,19,62000000,276342221
90330300,338342221,223657779,19,19,62000000,276342221
90330800,338342221,223657779,19,19,62000000,276342221
90331300,338342221,223657779,19,19,62000000,276342221
90331800,338342221,223657779,19,19,62000000,276342221
90332300,338342221,223657779,19,19,62000000,276342221
90332800,338342221,223657779,19,19,62000000,276342221
90333300,338342221,223657779,19,19,62000000,276342221
90333800,338342221,223657779,19,19,62000000,276342221
90334300,338342221,223657779,19,19,62000000,276342221
90334800,338342221,223657779,19,19,62000000,276342221
90335300,338342221,223657779,19,19,62000000,276342221
90335800,338342221,223657779,19,19,62000000,276342221
90336300,338342221,223657779,19,19,62000000,276342221
90336800,338342221,223657779,19,19,62000000,276342221
90337300,338342221,223657779,19,19,62000000,276342221
90337800,338342221,223657779,19,19,62000000,276342221
90338300,338342221,223657779,19,19,62000000,276342221
90338800,338342221,223657779,19,19,62000000,276342221
90339300,338342221,223657779,19,19,62000000,276342221
90339800,338342221,223657779,19,19,62000000,276342221
90340300,338342221,223657779,19,19,62000000,276342221
90340800,338342221,223657779,19,19,62000000,276342221
90341300,338342221,223657779,19,19,62000000,276342221
90341800,338342221,223657779,19,19,62000000,276342221
90342300,338342221,223657779,19,19,62000000,276342221
90342800,338342221,223657779,19,19,62000000,276342221
90343300,338342221,223657779,19,19,62000000,276342221
90343800,338342221,223657779,19,19,62000000,276342221
90344300,338342221,223657779,19,19,62000000,276342221
90344800,338342221,223657779,19,19,62000000,276342221
90345300,338342221,223657779,19,19,62000000,276342221
90345800,338342221,223657779,19,19,62000000,276342221
90346300,338342221,223657779,19,19,62000000,276342221
90346800,338342221,223657779,19,19,62000000,276342221
90347300,338342221,223657779,19,19,62000000,276342221
90347800,338342221,223657779,19,19,62000000,276342221
90348300,338342221,223657779,19,19,62000000,276342221
90348800,338342221,223657779,19,19,62000000,276342221
90349300,338342221,223657779,19,19,62000000,276342221
90349800,338342221,223657779,19,19,62000000,276342221
90350300,338342221,223657779,19,19,62000000,276342221
90350800,338342221,223657779,19,19,62000000,276342221
90351300,338342221,223657779,19,19,62000000,276342221
90351800,338342221,223657779,19,19,62000000,276342221
90352300,338342221,223657779,19,19,62000000,276342221
90352800,338342221,223657779,19,19,62000000,276342221
90353300,338342221,223657779,19,19,62000000,276342221
90353800,338342221,223657779,19,19,62000000,276342221
90354300,338342221,223657779,19,19,62000000,276342221
90354800,338342221,223657779,19,19,62000000,276342221
90355300,338342221,223657779,19,19,62000000,276342221
90355800,338342221,223657779,19,19,62000000,276342221
90356300,338342221,223657779,19,19,62000000,276342221
90356800,338342221,223657779,19,19,62000000,276342221
90357300,338342221,223657779,19,19,62000000,276342221
90357800,338342221,223657779,19,19,62000000,276342221
90358300,338342221,223657779,19,19,62000000,276342221
90358800,338342221,223657779,19,19,62000000,276342221
90359300,338342221,223657779,19,19,62000000,276342221
90359800,338342221,223657779,19,19,62000000,276342221
90360300,338342221,223657779,19,19,62000000,276342221
90360800,338342221,223657779,19,19,62000000,276342221
90361300,338342221,223657779,19,19,62000000,276342221
90361800,338342221,223657779,19,19,62000000,276342221
90362300,338342221,223657779,19,19,62000000,276342221
90362800,338342221,223657779,19,19,62000000,276342221
90363300,338342221,223657779,19,19,62000000,276342221
90363800,338342221,223657779,19,19,62000000,276342221
90364300,338342221,223657779,19,19,62000000,276342221
90364800,338342221,223657779,19,19,62000000,276342221
90365300,338342221,223657779,19,19,62000000,276342221
90365800,338342221,223657779,19,19,62000000,276342221
90366300,338342221,223657779,19,19,62000000,276342221
90366800,338342221,223657779,19,19,62000000,276342221
90367300,338342221,223657779,19,19,62000000,276342221
90367800,338342221,223657779,19,19,62000000,276342221
90368300,338342221,223657779,19,19,62000000,276342221
90368800,338342221,223657779,19,19,62000000,276342221
90369300,338342221,223657779,19,19,62000000,276342221
90369800,338342221,223657779,19,19,62000000,276342221
90370300,338342221,223657779,19,19,62000000,276342221
90370800,338342221,223657779,19,19,62000000,276342221
90371300,338342221,223657779,19,19,62000000,276342221
90371800,338342221,223657779,19,19,62000000,276342221
90372300,338342221,223657779,19,19,62000000,276342221
90372800,338342221,223657779,19,19,62000000,276342221
90373300,338342221,223657779,19,19,62000000,276342221
90373800,338342221,223657779,19,19,62000000,276342221
90374300,338342221,223657779,19,19,62000000,276342221
90374800,338342221,223657779,19,19,62000000,276342221
90375300,338342221,223657779,19,19,62000000,276342221
90375800,338342221,223657779,19,19,62000000,276342221
90376300,338342221,223657779,19,19,62000000,276342221
90376800,338342221,223657779,19,19,62000000,276342221
90377300,338342221,223657779,19,19,62000000,276342221
90377800,338342221,223657779,19,19,62000000,276342221
90378300,338342221,223657779,19,19,62000000,276342221
90378800,338342221,223657779,19,19,62000000,276342221
90379300,338342221,223657779,19,19,62000000,276342221
90379800,338342221,223657779,19,19,62000000,276342221
90380300,338342221,223657779,19,19,62000000,276342221
90380800,338342221,223657779,19,19,62000000,276342221
90381300,338342221,223657779,19,19,62000000,276342221
90381800,338342221,223657779,19,19,62000000,276342221
90382300,338342221,223657779,19,19,62000000,276342221
90382800,338342221,223657779,19,19,62000000,276342221
90383300,338342221,223657779,19,19,62000000,276342221
90383800,338342221,223657779,19,19,62000000,276342221
90384300,338342221,223657779,19,19,62000000,276342221
90384800,338342221,223657779,19,19,62000000,276342221
90385300,338342221,223657779,19,19,62000000,276342221
90385800,338342221,223657779,19,19,62000000,276342221
90386300,338342221,223657779,19,19,62000000,276342221
90386800,338342221,223657779,19,19,62000000,276342221
90387300,338342221,223657779,19,19,62000000,276342221
90387800,338342221,223657779,19,19,62000000,276342221
90388300,338342221,223657779,19,19,62000000,276342221
90388800,338342221,223657779,19,19,62000000,276342221
90389300,338342221,223657779,19,19,62000000,276342221
90389800,338342221,223657779,19,19,62000000,276342221
90390300,338342221,223657779,19,19,62000000,276342221
90390800,338342221,223657779,19,19,62000000,276342221
90391300,338342221,223657779,19,19,62000000,276342221
90391800,338342221,223657779,19,19,62000000,276342221
90392300,338342221,223657779,19,19,62000000,276342221
90392800,338342221,223657779,19,19,62000000,276342221
90393300,338342221,223657779,19,19,62000000,276342221
90393800,338342221,223657779,19,19,62000000,276342221
90394300,338342221,223657779,19,19,62000000,276342221
90394800,338342221,223657779,19,19,62000000,276342221
90395300,338342221,223657779,19,19,62000000,276342221
90395800,338342221,223657779,19,19,62000000,276342221
90396300,338342221,223657779,19,19,62000000,276342221
90396800,338342221,223657779,19,19,62000000,276342221
90397300,338342221,223657779,19,19,62000000,276342221
90397800,338342221,223657779,19,19,62000000,276342221
90398300,338342221,223657779,19,19,62000000,276342221
90398800,338342221,223657779,19,19,62000000,276342221
90399300,338342221,223657779,19,19,62000000,276342221
90399800,338342221,223657779,19,19,62000000,276342221
90400300,338342221,223657779,19,19,62000000,276342221
90400800,338342221,223657779,19,19,62000000,276342221
90401300,338342221,223657779,19,19,62000000,276342221
90401800,338342221,223657779,19,19,62000000,276342221
90402300,338342221,223657779,19,19,62000000,276342221
90402800,338342221,223657779,19,19,62000000,276342221
90403300,338342221,223657779,19,19,62000000,276342221
90403800,338342221,223657779,19,19,62000000,276342221
90404300,338342221,223657779,19,19,62000000,276342221
90404800,338342221,223657779,19,19,62000000,276342221
90405300,338342221,223657779,19,19,62000000,276342221
90405800,338342221,223657779,19,19,62000000,276342221
90406300,338342221,223657779,19,19,62000000,276342221
90406800,338342221,223657779,19,19,62000000,276342221
90407300,338342221,223657779,19,19,62000000,276342221
90407800,338342221,223657779,19,19,62000000,276342221
90408300,338342221,223657779,19,19,62000000,276342221
90408800,338342221,223657779,19,19,62000000,276342221
90409300,338342221,223657779,19,19,62000000,276342221
90409800,338342221,223657779,19,19,62000000,276342221
90410300,338342221,223657779,19,19,62000000,276342221
90410800,338342221,223657779,19,19,62000000,276342221
90411300,338342221,223657779,19,19,62000000,276342221
90411800,338342221,223657779,19,19,62000000,276342221
90412300,338342221,223657779,19,19,62000000,276342221
90412800,338342221,223657779,19,19,62000000,276342221
90413300,338342221,223657779,19,19,62000000,276342221
90413800,338342221,223657779,19,19,62000000,276342221
90414300,338342221,223657779,19,19,62000000,276342221
90414800,338342221,223657779,19,19,62000000,276342221
90415300,338342221,223657779,19,19,62000000,276342221
90415800,338342221,223657779,19,19,62000000,276342221
90416300,338342221,223657779,19,19,62000000,276342221
90416800,338342221,223657779,19,19,62000000,276342221
90417300,338342221,223657779,19,19,62000000,276342221
90417800,338342221,223657779,19,19,62000000,276342221
90418300,338342221,223657779,19,19,62000000,276342221
90418800,338342221,223657779,19,19,62000000,276342221
90419300,338342221,223657779,19,19,62000000,276342221
90419800,338342221,223657779,19,19,62000000,276342221
90420300,338342221,223657779,19,19,62000000,276342221
90420800,338342221,223657779,19,19,62000000,276342221
90421300,338342221,223657779,19,19,62000000,276342221
90421800,338342221,223657779,19,19,62000000,276342221
90422300,338342221,223657779,19,19,62000000,276342221
90422800,338342221,223657779,19,19,62000000,276342221
90423300,338342221,223657779,19,19,62000000,276342221
90423800,338342221,223657779,19,19,62000000,276342221
90424300,338342221,223657779,19,19,62000000,276342221
90424800,338342221,223657779,19,19,62000000,276342221
90425300,338342221,223657779,19,19,62000000,276342221
90425800,338342221,223657779,19,19,62000000,276342221
90426300,338342221,223657779,19,19,62000000,276342221
90426800,338342221,223657779,19,19,62000000,276342221
90427300,338342221,223657779,19,19,62000000,276342221
90427800,338342221,223657779,19,19,62000000,276342221
90428300,338342221,223657779,19,19,62000000,276342221
90428800,338342221,223657779,19,19,62000000,276342221
90429300,338342221,223657779,19,19,62000000,276342221
90429800,338342221,223657779,19,19,62000000,276342221
90430300,338342221,223657779,19,19,62000000,276342221
90430800,338342221,223657779,19,19,62000000,276342221
90431300,338342221,223657779,19,19,62000000,276342221
90431800,338342221,223657779,19,19,62000000,276342221
90432300,338342221,223657779,19,19,62000000,276342221
90432800,338342221,223657779,19,19,62000000,276342221
90433300,338342221,223657779,19,19,62000000,276342221
90433800,338342221,223657779,19,19,62000000,276342221
90434300,338342221,223657779,19,19,62000000,276342221
90434800,338342221,223657779,19,19,62000000,276342221
90435300,338342221,223657779,19,19,62000000,276342221
90435800,338342221,223657779,19,19,62000000,276342221
90436300,338342221,223657779,19,19,62000000,276342221
90436800,338342221,223657779,19,19,62000000,276342221
90437300,338342221,223657779,19,19,62000000,276342221
90437800,338342221,223657779,19,19,62000000,276342221
90438300,338342221,223657779,19,19,62000000,276342221
90438800,338342221,223657779,19,19,62000000,276342221
90439300,338342221,223657779,19,19,62000000,276342221
90439800,338342221,223657779,19,19,62000000,276342221
90440300,338342221,223657779,19,19,62000000,276342221
90440800,338342221,223657779,19,19,62000000,276342221
90441300,338342221,223657779,19,19,62000000,276342221
90441800,338342221,223657779,19,19,62000000,276342221
90442300,338342221,223657779,19,19,62000000,276342221
90442800,338342221,223657779,19,19,62000000,276342221
90443300,338342221,223657779,19,19,62000000,276342221
90443800,338342221,223657779,19,19,62000000,276342221
90444300,338342221,223657779,19,19,62000000,276342221
90444800,338342221,223657779,19,19,62000000,276342221
90445300,338342221,223657779,19,19,62000000,276342221
90445800,338342221,223657779,19,19,62000000,276342221
90446300,338342221,223657779,19,19,62000000,276342221
90446800,338342221,223657779,19,19,62000000,276342221
90447300,338342221,223657779,19,19,62000000,276342221
90447800,338342221,223657779,19,19,62000000,276342221
90448300,338342221,223657779,19,19,62000000,276342221
90448800,338342221,223657779,19,19,62000000,276342221
90449300,338342221,223657779,19,19,62000000,276342221
90449800,338342221,223657779,19,19,62000000,276342221
90450300,338342221,223657779,19,19,62000000,276342221
90450800,338342221,223657779,19,19,62000000,276342221
90451300,338342221,223657779,19,19,62000000,276342221
90451800,338342221,223657779,19,19,62000000,276342221
90452300,338342221,223657779,19,19,62000000,276342221
90452800,338342221,223657779,19,19,62000000,276342221
90453300,338342221,223657779,19,19,62000000,276342221
90453800,338342221,223657779,19,19,62000000,276342221
90454300,338342221,223657779,19,19,62000000,276342221
90454800,338342221,223657779,19,19,62000000,276342221
90455300,338342221,223657779,19,19,62000000,276342221
90455800,338342221,223657779,19,19,62000000,276342221
90456300,338342221,223657779,19,19,62000000,276342221
90456800,338342221,223657779,19,19,62000000,276342221
90457300,338342221,223657779,19,19,62000000,276342221
90457800,338342221,223657779,19,19,62000000,276342221
90458300,338342221,223657779,19,19,62000000,276342221
90458800,338342221,223657779,19,19,62000000,276342221
90459300,338342221,223657779,19,19,62000000,276342221
90459800,338342221,223657779,19,19,62000000,276342221
90460300,338342221,223657779,19,19,62000000,276342221
90460800,338342221,223657779,19,19,62000000,276342221
90461300,338342221,223657779,19,19,62000000,276342221
90461800,338342221,223657779,19,19,62000000,276342221
90462300,338342221,223657779,19,19,62000000,276342221
90462800,338342221,223657779,19,19,62000000,276342221
90463300,338342221,223657779,19,19,62000000,276342221
90463800,338342221,223657779,19,19,62000000,276342221
90464300,338342221,223657779,19,19,62000000,276342221
90464800,338342221,223657779,19,19,62000000,276342221
90465300,338342221,223657779,19,19,62000000,276342221
90465800,338342221,223657779,19,19,62000000,276342221
90466300,338342221,223657779,19,19,62000000,276342221
90466800,338342221,223657779,19,19,62000000,276342221
90467300,338342221,223657779,19,19,62000000,276342221
90467800,338342221,223657779,19,19,62000000,276342221
90468300,338342221,223657779,19,19,62000000,276342221
90468800,338342221,223657779,19,19,62000000,276342221
90469300,338342221,223657779,19,19,62000000,276342221
90469800,338342221,223657779,19,19,62000000,276342221
90470300,338342221,223657779,19,19,62000000,276342221
90470800,338342221,223657779,19,19,62000000,276342221
90471300,338342221,223657779,19,19,62000000,276342221
90471800,338342221,223657779,19,19,62000000,276342221
90472300,338342221,223657779,19,19,62000000,276342221
90472800,338342221,223657779,19,19,62000000,276342221
90473300,338342221,223657779,19,19,62000000,276342221
90473800,338342221,223657779,19,19,62000000,276342221
90474300,338342221,223657779,19,19,62000000,276342221
90474800,338342221,223657779,19,19,62000000,276342221
90475300,338342221,223657779,19,19,62000000,276342221
90475800,338342221,223657779,19,19,62000000,276342221
90476300,338342221,223657779,19,19,62000000,276342221
90476800,338342221,223657779,19,19,62000000,276342221
90477300,338342221,223657779,19,19,62000000,276342221
90477800,338342221,223657779,19,19,62000000,276342221
90478300,338342221,223657779,19,19,62000000,276342221
90478800,338342221,223657779,19,19,62000000,276342221
90479300,338342221,223657779,19,19,62000000,276342221
90479800,338342221,223657779,19,19,62000000,276342221
90480300,338342221,223657779,19,19,62000000,276342221
90480800,338342221,223657779,19,19,62000000,276342221
90481300,338342221,223657779,19,19,62000000,276342221
90481800,338342221,223657779,19,19,62000000,276342221
90482300,338342221,223657779,19,19,62000000,276342221
90482800,338342221,223657779,19,19,62000000,276342221
90483300,338342221,223657779,19,19,62000000,276342221
90483800,338342221,223657779,19,19,62000000,276342221
90484300,338342221,223657779,19,19,62000000,276342221
90484800,338342221,223657779,19,19,62000000,276342221
90485300,338342221,223657779,19,19,62000000,276342221
90485800,338342221,223657779,19,19,62000000,276342221
90486300,338342221,223657779,19,19,62000000,276342221
90486800,338342221,223657779,19,19,62000000,276342221
90487300,338342221,223657779,19,19,62000000,276342221
90487800,338342221,223657779,19,19,62000000,276342221
90488300,338342221,223657779,19,19,62000000,276342221
90488800,338342221,223657779,19,19,62000000,276342221
90489300,338342221,223657779,19,19,62000000,276342221
90489800,338342221,223657779,19,19,62000000,276342221
90490300,338342221,223657779,19,19,62000000,276342221
90490800,338342221,223657779,19,19,62000000,276342221
90491300,338342221,223657779,19,19,62000000,276342221
90491800,338342221,223657779,19,19,62000000,276342221
90492300,338342221,223657779,19,19,62000000,276342221
90492800,338342221,223657779,19,19,62000000,276342221
90493300,338342221,223657779,19,19,62000000,276342221
90493800,338342221,223657779,19,19,62000000,276342221
90494300,338342221,223657779,19,19,62000000,276342221
90494800,338342221,223657779,19,19,62000000,276342221
90495300,338342221,223657779,19,19,62000000,276342221
90495800,338342221,223657779,19,19,62000000,276342221
90496300,338342221,223657779,19,19,62000000,276342221
90496800,338342221,223657779,19,19,62000000,276342221
90497300,338342221,223657779,19,19,62000000,276342221
90497800,338342221,223657779,19,19,62000000,276342221
90498300,338342221,223657779,19,19,62000000,276342221
90498800,338342221,223657779,19,19,62000000,276342221
90499300,338342221,223657779,19,19,62000000,276342221
90499800,338342221,223657779,19,19,62000000,276342221
90500300,338342221,223657779,19,19,62000000,276342221
90500800,338342221,223657779,19,19,62000000,276342221
90501300,338342221,223657779,19,19,62000000,276342221
90501800,338342221,223657779,19,19,62000000,276342221
90502300,338342221,223657779,19,19,62000000,276342221
90502800,338342221,223657779,19,19,62000000,276342221
90503300,338342221,223657779,19,19,62000000,276342221
90503800,338342221,223657779,19,19,62000000,276342221
90504300,338342221,223657779,19,19,62000000,276342221
90504800,338342221,223657779,19,19,62000000,276342221
90505300,338342221,223657779,19,19,62000000,276342221
90505800,338342221,223657779,19,19,62000000,276342221
90506300,338342221,223657779,19,19,62000000,276342221
90506800,338342221,223657779,19,19,62000000,276342221
90507300,338342221,223657779,19,19,62000000,276342221
90507800,338342221,223657779,19,19,62000000,276342221
90508300,338342221,223657779,19,19,62000000,276342221
90508800,338342221,223657779,19,19,62000000,276342221
90509300,338342221,223657779,19,19,62000000,276342221
90509800,338342221,223657779,19,19,62000000,276342221
90510300,338342221,223657779,19,19,62000000,276342221
90510800,338342221,223657779,19,19,62000000,276342221
90511300,338342221,223657779,19,19,62000000,276342221
90511800,338342221,223657779,19,19,62000000,276342221
90512300,338342221,223657779,19,19,62000000,276342221
90512800,338342221,223657779,19,19,62000000,276342221
90513300,338342221,223657779,19,19,62000000,276342221
90513800,338342221,223657779,19,19,62000000,276342221
90514300,338342221,223657779,19,19,62000000,276342221
90514800,338342221,223657779,19,19,62000000,276342221
90515300,338342221,223657779,19,19,62000000,276342221
90515800,338342221,223657779,19,19,62000000,276342221
90516300,338342221,223657779,19,19,62000000,276342221
90516800,338342221,223657779,19,19,62000000,276342221
90517300,338342221,223657779,19,19,62000000,276342221
90517800,338342221,223657779,19,19,62000000,276342221
90518300,338342221,223657779,19,19,62000000,276342221
90518800,338342221,223657779,19,19,62000000,276342221
90519300,338342221,223657779,19,19,62000000,276342221
90519800,338342221,223657779,19,19,62000000,276342221
90520300,338342221,223657779,19,19,62000000,276342221
90520800,338342221,223657779,19,19,62000000,276342221
90521300,338342221,223657779,19,19,62000000,276342221
90521800,338342221,223657779,19,19,62000000,276342221
90522300,338342221,223657779,19,19,62000000,276342221
90522800,338342221,223657779,19,19,62000000,276342221
90523300,338342221,223657779,19,19,62000000,276342221
90523800,338342221,223657779,19,19,62000000,276342221
90524300,338342221,223657779,19,19,62000000,276342221
90524800,338342221,223657779,19,19,62000000,276342221
90525300,338342221,223657779,19,19,62000000,276342221
90525800,338342221,223657779,19,19,62000000,276342221
90526300,338342221,223657779,19,19,62000000,276342221
90526800,338342221,223657779,19,19,62000000,276342221
90527300,338342221,223657779,19,19,62000000,276342221
90527800,338342221,223657779,19,19,62000000,276342221
90528300,338342221,223657779,19,19,62000000,276342221
90528800,338342221,223657779,19,19,62000000,276342221
90529300,338342221,223657779,19,19,62000000,276342221
90529800,338342221,223657779,19,19,62000000,276342221
90530300,338342221,223657779,19,19,62000000,276342221
90530800,338342221,223657779,19,19,62000000,276342221
90531300,338342221,223657779,19,19,62000000,276342221
90531800,338342221,223657779,19,19,62000000,276342221
90532300,338342221,223657779,19,19,62000000,276342221
90532800,338342221,223657779,19,19,62000000,276342221
90533300,338342221,223657779,19,19,62000000,276342221
90533800,338342221,223657779,19,19,62000000,276342221
90534300,338342221,223657779,19,19,62000000,276342221
90534800,338342221,223657779,19,19,62000000,276342221
90535300,338342221,223657779,19,19,62000000,276342221
90535800,338342221,223657779,19,19,62000000,276342221
90536300,338342221,223657779,19,19,62000000,276342221
90536800,338342221,223657779,19,19,62000000,276342221
90537300,338342221,223657779,19,19,62000000,276342221
90537800,338342221,223657779,19,19,62000000,276342221
90538300,338342221,223657779,19,19,62000000,276342221
90538800,338342221,223657779,19,19,62000000,276342221
90539300,338342221,223657779,19,19,62000000,276342221
90539800,338342221,223657779,19,19,62000000,276342221
90540300,338342221,223657779,19,19,62000000,276342221
90540800,338342221,223657779,19,19,62000000,276342221
90541300,338342221,223657779,19,19,62000000,276342221
90541800,338342221,223657779,19,19,62000000,276342221
90542300,338342221,223657779,19,19,62000000,276342221
90542800,338342221,223657779,19,19,62000000,276342221
90543300,338342221,223657779,19,19,62000000,276342221
90543800,338342221,223657779,19,19,62000000,276342221
90544300,338342221,223657779,19,19,62000000,276342221
90544800,338342221,223657779,19,19,62000000,276342221
90545300,338342221,223657779,19,19,62000000,276342221
90545800,338342221,223657779,19,19,62000000,276342221
90546300,338342221,223657779,19,19,62000000,276342221
90546800,338342221,223657779,19,19,62000000,276342221
90547300,338342221,223657779,19,19,62000000,276342221
90547800,338342221,223657779,19,19,62000000,276342221
90548300,338342221,223657779,19,19,62000000,276342221
90548800,338342221,223657779,19,19,62000000,276342221
90549300,338342221,223657779,19,19,62000000,276342221
90549800,338342221,223657779,19,19,62000000,276342221
90550300,338342221,223657779,19,19,62000000,276342221
90550800,338342221,223657779,19,19,62000000,276342221
90551300,338342221,223657779,19,19,62000000,276342221
90551800,338342221,223657779,19,19,62000000,276342221
90552300,338342221,223657779,19,19,62000000,276342221
90552800,338342221,223657779,19,19,62000000,276342221
90553300,338342221,223657779,19,19,62000000,276342221
90553800,338342221,223657779,19,19,62000000,276342221
90554300,338342221,223657779,19,19,62000000,276342221
90554800,338342221,223657779,19,19,62000000,276342221
90555300,338342221,223657779,19,19,62000000,276342221
90555800,338342221,223657779,19,19,62000000,276342221
90556300,338342221,223657779,19,19,62000000,276342221
90556800,338342221,223657779,19,19,62000000,276342221
90557300,338342221,223657779,19,19,62000000,276342221
90557800,338342221,223657779,19,19,62000000,276342221
90558300,338342221,223657779,19,19,62000000,276342221
90558800,338342221,223657779,19,19,62000000,276342221
90559300,338342221,223657779,19,19,62000000,276342221
90559800,338342221,223657779,19,19,62000000,276342221
90560300,338342221,223657779,19,19,62000000,276342221
90560800,338342221,223657779,19,19,62000000,276342221
90561300,338342221,223657779,19,19,62000000,276342221
90561800,338342221,223657779,19,19,62000000,276342221
90562300,338342221,223657779,19,19,62000000,276342221
90562800,338342221,223657779,19,19,62000000,276342221
90563300,338342221,223657779,19,19,62000000,276342221
90563800,338342221,223657779,19,19,62000000,276342221
90564300,338342221,223657779,19,19,62000000,276342221
90564800,338342221,223657779,19,19,62000000,276342221
90565300,338342221,223657779,19,19,62000000,276342221
90565800,338342221,223657779,19,19,62000000,276342221
90566300,338342221,223657779,19,19,62000000,276342221
90566800,338342221,223657779,19,19,62000000,276342221
90567300,338342221,223657779,19,19,62000000,276342221
90567800,338342221,223657779,19,19,62000000,276342221
90568300,338342221,223657779,19,19,62000000,276342221
90568800,338342221,223657779,19,19,62000000,276342221
90569300,338342221,223657779,19,19,62000000,276342221
90569800,338342221,223657779,19,19,62000000,276342221
90570300,338342221,223657779,19,19,62000000,276342221
90570800,338342221,223657779,19,19,62000000,276342221
90571300,338342221,223657779,19,19,62000000,276342221
90571800,338342221,223657779,19,19,62000000,276342221
90572300,338342221,223657779,19,19,62000000,276342221
90572800,338342221,223657779,19,19,62000000,276342221
90573300,338342221,223657779,19,19,62000000,276342221
90573800,338342221,223657779,19,19,62000000,276342221
90574300,338342221,223657779,19,19,62000000,276342221
90574800,338342221,223657779,19,19,62000000,276342221
90575300,338342221,223657779,19,19,62000000,276342221
90575800,338342221,223657779,19,19,62000000,276342221
90576300,338342221,223657779,19,19,62000000,276342221
90576800,338342221,223657779,19,19,62000000,276342221
90577300,338342221,223657779,19,19,62000000,276342221
90577800,338342221,223657779,19,19,62000000,276342221
90578300,338342221,223657779,19,19,62000000,276342221
90578800,338342221,223657779,19,19,62000000,276342221
90579300,338342221,223657779,19,19,62000000,276342221
90579800,338342221,223657779,19,19,62000000,276342221
90580300,338342221,223657779,19,19,62000000,276342221
90580800,338342221,223657779,19,19,62000000,276342221
90581300,338342221,223657779,19,19,62000000,276342221
90581800,338342221,223657779,19,19,62000000,276342221
90582300,338342221,223657779,19,19,62000000,276342221
90582800,338342221,223657779,19,19,62000000,276342221
90583300,338342221,223657779,19,19,62000000,276342221
90583800,338342221,223657779,19,19,62000000,276342221
90584300,338342221,223657779,19,19,62000000,276342221
90584800,338342221,223657779,19,19,62000000,276342221
90585300,338342221,223657779,19,19,62000000,276342221
90585800,338342221,223657779,19,19,62000000,276342221
90586300,338342221,223657779,19,19,62000000,276342221
90586800,338342221,223657779,19,19,62000000,276342221
90587300,338342221,223657779,19,19,62000000,276342221
90587800,338342221,223657779,19,19,62000000,276342221
90588300,338342221,223657779,19,19,62000000,276342221
90588800,338342221,223657779,19,19,62000000,276342221
90589300,338342221,223657779,19,19,62000000,276342221
90589800,338342221,223657779,19,19,62000000,276342221
90590300,338342221,223657779,19,19,62000000,276342221
90590800,338342221,223657779,19,19,62000000,276342221
90591300,338342221,223657779,19,19,62000000,276342221
90591800,338342221,223657779,19,19,62000000,276342221
90592300,338342221,223657779,19,19,62000000,276342221
90592800,338342221,223657779,19,19,62000000,276342221
90593300,338342221,223657779,19,19,62000000,276342221
90593800,338342221,223657779,19,19,62000000,276342221
90594300,338342221,223657779,19,19,62000000,276342221
90594800,338342221,223657779,19,19,62000000,276342221
